train_12,cloudy
train_14,cloudy
train_26,cloudy
train_50,cloudy
train_68,cloudy
train_72,cloudy
train_77,cloudy
train_87,cloudy
train_97,cloudy
train_101,cloudy
train_108,cloudy
train_111,cloudy
train_118,cloudy
train_138,cloudy
train_168,cloudy
train_174,cloudy
train_179,cloudy
train_203,cloudy
train_226,cloudy
train_234,cloudy
train_257,cloudy
train_284,cloudy
train_285,cloudy
train_302,cloudy
train_337,cloudy
train_343,cloudy
train_352,cloudy
train_396,cloudy
train_413,cloudy
train_437,cloudy
train_453,cloudy
train_476,cloudy
train_534,cloudy
train_569,cloudy
train_582,cloudy
train_601,cloudy
train_646,cloudy
train_650,cloudy
train_717,cloudy
train_743,cloudy
train_758,cloudy
train_782,cloudy
train_790,cloudy
train_799,cloudy
train_817,cloudy
train_823,cloudy
train_827,cloudy
train_860,cloudy
train_888,cloudy
train_893,cloudy
train_902,cloudy
train_938,cloudy
train_970,cloudy
train_984,cloudy
train_1060,cloudy
train_1070,cloudy
train_1086,cloudy
train_1092,cloudy
train_1126,cloudy
train_1140,cloudy
train_1194,cloudy
train_1256,cloudy
train_1265,cloudy
train_1283,cloudy
train_1297,cloudy
train_1304,cloudy
train_1336,cloudy
train_1339,cloudy
train_1360,cloudy
train_1374,cloudy
train_1378,cloudy
train_1391,cloudy
train_1450,cloudy
train_1479,cloudy
train_1483,cloudy
train_1486,cloudy
train_1490,cloudy
train_1492,cloudy
train_1500,cloudy
train_1520,cloudy
train_1538,cloudy
train_1550,cloudy
train_1551,cloudy
train_1578,cloudy
train_1580,cloudy
train_1598,cloudy
train_1662,cloudy
train_1663,cloudy
train_1670,cloudy
train_1698,cloudy
train_1704,cloudy
train_1707,cloudy
train_1711,cloudy
train_1717,cloudy
train_1722,cloudy
train_1738,cloudy
train_1756,cloudy
train_1776,cloudy
train_1777,cloudy
train_1782,cloudy
train_1786,cloudy
train_1793,cloudy
train_1836,cloudy
train_1849,cloudy
train_1856,cloudy
train_1876,cloudy
train_1916,cloudy
train_1921,cloudy
train_1933,cloudy
train_1938,cloudy
train_1968,cloudy
train_1969,cloudy
train_1996,cloudy
train_2006,cloudy
train_2021,cloudy
train_2058,cloudy
train_2100,cloudy
train_2118,cloudy
train_2163,cloudy
train_2164,cloudy
train_2231,cloudy
train_2234,cloudy
train_2236,cloudy
train_2245,cloudy
train_2259,cloudy
train_2262,cloudy
train_2267,cloudy
train_2337,cloudy
train_2361,cloudy
train_2366,cloudy
train_2380,cloudy
train_2396,cloudy
train_2424,cloudy
train_2431,cloudy
train_2504,cloudy
train_2510,cloudy
train_2516,cloudy
train_2550,cloudy
train_2562,cloudy
train_2588,cloudy
train_2632,cloudy
train_2636,cloudy
train_2648,cloudy
train_2655,cloudy
train_2660,cloudy
train_2664,cloudy
train_2684,cloudy
train_2699,cloudy
train_2723,cloudy
train_2763,cloudy
train_2770,cloudy
train_2778,cloudy
train_2781,cloudy
train_2791,cloudy
train_2796,cloudy
train_2837,cloudy
train_2841,cloudy
train_2900,cloudy
train_2904,cloudy
train_2911,cloudy
train_2961,cloudy
train_2965,cloudy
train_3014,cloudy
train_3036,cloudy
train_3078,cloudy
train_3096,cloudy
train_3098,cloudy
train_3099,cloudy
train_3101,cloudy
train_3119,cloudy
train_3125,cloudy
train_3126,cloudy
train_3128,cloudy
train_3136,cloudy
train_3139,cloudy
train_3157,cloudy
train_3165,cloudy
train_3176,cloudy
train_3199,cloudy
train_3219,cloudy
train_3278,cloudy
train_3297,cloudy
train_3300,cloudy
train_3327,cloudy
train_3340,cloudy
train_3360,cloudy
train_3366,cloudy
train_3368,cloudy
train_3395,cloudy
train_3406,cloudy
train_3456,cloudy
train_3468,cloudy
train_3473,cloudy
train_3512,cloudy
train_3517,cloudy
train_3542,cloudy
train_3585,cloudy
train_3589,cloudy
train_3592,cloudy
train_3609,cloudy
train_3613,cloudy
train_3645,cloudy
train_3657,cloudy
train_3684,cloudy
train_3760,cloudy
train_3796,cloudy
train_3815,cloudy
train_3835,cloudy
train_3837,cloudy
train_3849,cloudy
train_3857,cloudy
train_3922,cloudy
train_3930,cloudy
train_3932,cloudy
train_3951,cloudy
train_3975,cloudy
train_3995,cloudy
train_4003,cloudy
train_4007,cloudy
train_4013,cloudy
train_4026,cloudy
train_4038,cloudy
train_4051,cloudy
train_4065,cloudy
train_4077,cloudy
train_4094,cloudy
train_4116,cloudy
train_4127,cloudy
train_4133,cloudy
train_4205,cloudy
train_4214,cloudy
train_4256,cloudy
train_4258,cloudy
train_4263,cloudy
train_4292,cloudy
train_4293,cloudy
train_4303,cloudy
train_4334,cloudy
train_4349,cloudy
train_4359,cloudy
train_4362,cloudy
train_4372,cloudy
train_4394,cloudy
train_4414,cloudy
train_4438,cloudy
train_4448,cloudy
train_4470,cloudy
train_4476,cloudy
train_4488,cloudy
train_4534,cloudy
train_4587,cloudy
train_4592,cloudy
train_4603,cloudy
train_4626,cloudy
train_4628,cloudy
train_4641,cloudy
train_4656,cloudy
train_4658,cloudy
train_4717,cloudy
train_4723,cloudy
train_4758,cloudy
train_4766,cloudy
train_4788,cloudy
train_4809,cloudy
train_4834,cloudy
train_4843,cloudy
train_4867,cloudy
train_4873,cloudy
train_4885,cloudy
train_4896,cloudy
train_4923,cloudy
train_4952,cloudy
train_4998,cloudy
train_5010,cloudy
train_5021,cloudy
train_5025,cloudy
train_5032,cloudy
train_5047,cloudy
train_5119,cloudy
train_5147,cloudy
train_5150,cloudy
train_5180,cloudy
train_5206,cloudy
train_5216,cloudy
train_5220,cloudy
train_5224,cloudy
train_5235,cloudy
train_5257,cloudy
train_5294,cloudy
train_5325,cloudy
train_5346,cloudy
train_5368,cloudy
train_5391,cloudy
train_5458,cloudy
train_5541,cloudy
train_5543,cloudy
train_5548,cloudy
train_5557,cloudy
train_5572,cloudy
train_5625,cloudy
train_5648,cloudy
train_5670,cloudy
train_5675,cloudy
train_5680,cloudy
train_5714,cloudy
train_5750,cloudy
train_5780,cloudy
train_5803,cloudy
train_5828,cloudy
train_5876,cloudy
train_5881,cloudy
train_5925,cloudy
train_5936,cloudy
train_5949,cloudy
train_5955,cloudy
train_5967,cloudy
train_5975,cloudy
train_5981,cloudy
train_5985,cloudy
train_6006,cloudy
train_6009,cloudy
train_6041,cloudy
train_6054,cloudy
train_6068,cloudy
train_6073,cloudy
train_6079,cloudy
train_6093,cloudy
train_6096,cloudy
train_6105,cloudy
train_6135,cloudy
train_6164,cloudy
train_6192,cloudy
train_6251,cloudy
train_6255,cloudy
train_6262,cloudy
train_6274,cloudy
train_6279,cloudy
train_6305,cloudy
train_6306,cloudy
train_6339,cloudy
train_6438,cloudy
train_6465,cloudy
train_6484,cloudy
train_6506,cloudy
train_6508,cloudy
train_6518,cloudy
train_6520,cloudy
train_6556,cloudy
train_6573,cloudy
train_6630,cloudy
train_6681,cloudy
train_6694,cloudy
train_6736,cloudy
train_6746,cloudy
train_6796,cloudy
train_6802,cloudy
train_6816,cloudy
train_6829,cloudy
train_6850,cloudy
train_6856,cloudy
train_6868,cloudy
train_6886,cloudy
train_6888,cloudy
train_6891,cloudy
train_6893,cloudy
train_6954,cloudy
train_6962,cloudy
train_6973,cloudy
train_6987,cloudy
train_7008,cloudy
train_7023,cloudy
train_7042,cloudy
train_7048,cloudy
train_7063,cloudy
train_7090,cloudy
train_7096,cloudy
train_7121,cloudy
train_7150,cloudy
train_7162,cloudy
train_7172,cloudy
train_7192,cloudy
train_7245,cloudy
train_7251,cloudy
train_7258,cloudy
train_7284,cloudy
train_7303,cloudy
train_7308,cloudy
train_7323,cloudy
train_7361,cloudy
train_7365,cloudy
train_7367,cloudy
train_7380,cloudy
train_7387,cloudy
train_7408,cloudy
train_7411,cloudy
train_7414,cloudy
train_7419,cloudy
train_7440,cloudy
train_7446,cloudy
train_7537,cloudy
train_7556,cloudy
train_7597,cloudy
train_7637,cloudy
train_7656,cloudy
train_7675,cloudy
train_7701,cloudy
train_7708,cloudy
train_7743,cloudy
train_7759,cloudy
train_7791,cloudy
train_7801,cloudy
train_7820,cloudy
train_7824,cloudy
train_7854,cloudy
train_7858,cloudy
train_7859,cloudy
train_7892,cloudy
train_7945,cloudy
train_7959,cloudy
train_7971,cloudy
train_7973,cloudy
train_7991,cloudy
train_8013,cloudy
train_8064,cloudy
train_8100,cloudy
train_8101,cloudy
train_8104,cloudy
train_8158,cloudy
train_8198,cloudy
train_8199,cloudy
train_8220,cloudy
train_8232,cloudy
train_8239,cloudy
train_8245,cloudy
train_8264,cloudy
train_8287,cloudy
train_8297,cloudy
train_8302,cloudy
train_8319,cloudy
train_8320,cloudy
train_8370,cloudy
train_8374,cloudy
train_8384,cloudy
train_8421,cloudy
train_8458,cloudy
train_8470,cloudy
train_8478,cloudy
train_8481,cloudy
train_8499,cloudy
train_8519,cloudy
train_8544,cloudy
train_8545,cloudy
train_8546,cloudy
train_8576,cloudy
train_8582,cloudy
train_8588,cloudy
train_8608,cloudy
train_8610,cloudy
train_8627,cloudy
train_8650,cloudy
train_8657,cloudy
train_8658,cloudy
train_8705,cloudy
train_8731,cloudy
train_8742,cloudy
train_8755,cloudy
train_8765,cloudy
train_8773,cloudy
train_8805,cloudy
train_8809,cloudy
train_8816,cloudy
train_8819,cloudy
train_8836,cloudy
train_8839,cloudy
train_8840,cloudy
train_8856,cloudy
train_8871,cloudy
train_8872,cloudy
train_8880,cloudy
train_8884,cloudy
train_8927,cloudy
train_8930,cloudy
train_8937,cloudy
train_8961,cloudy
train_8972,cloudy
train_8977,cloudy
train_8978,cloudy
train_9006,cloudy
train_9010,cloudy
train_9021,cloudy
train_9036,cloudy
train_9062,cloudy
train_9108,cloudy
train_9132,cloudy
train_9138,cloudy
train_9145,cloudy
train_9170,cloudy
train_9179,cloudy
train_9229,cloudy
train_9258,cloudy
train_9300,cloudy
train_9303,cloudy
train_9346,cloudy
train_9375,cloudy
train_9380,cloudy
train_9414,cloudy
train_9422,cloudy
train_9438,cloudy
train_9442,cloudy
train_9484,cloudy
train_9499,cloudy
train_9522,cloudy
train_9529,cloudy
train_9543,cloudy
train_9587,cloudy
train_9713,cloudy
train_9741,cloudy
train_9752,cloudy
train_9756,cloudy
train_9761,cloudy
train_9770,cloudy
train_9783,cloudy
train_9799,cloudy
train_9843,cloudy
train_9844,cloudy
train_9852,cloudy
train_9868,cloudy
train_9941,cloudy
train_9943,cloudy
train_9950,cloudy
train_9972,cloudy
train_10021,cloudy
train_10043,cloudy
train_10070,cloudy
train_10081,cloudy
train_10096,cloudy
train_10103,cloudy
train_10128,cloudy
train_10166,cloudy
train_10173,cloudy
train_10177,cloudy
train_10201,cloudy
train_10224,cloudy
train_10225,cloudy
train_10227,cloudy
train_10231,cloudy
train_10246,cloudy
train_10263,cloudy
train_10265,cloudy
train_10269,cloudy
train_10293,cloudy
train_10326,cloudy
train_10333,cloudy
train_10388,cloudy
train_10389,cloudy
train_10394,cloudy
train_10406,cloudy
train_10421,cloudy
train_10444,cloudy
train_10451,cloudy
train_10485,cloudy
train_10493,cloudy
train_10515,cloudy
train_10538,cloudy
train_10540,cloudy
train_10547,cloudy
train_10552,cloudy
train_10555,cloudy
train_10563,cloudy
train_10566,cloudy
train_10581,cloudy
train_10598,cloudy
train_10609,cloudy
train_10621,cloudy
train_10626,cloudy
train_10642,cloudy
train_10661,cloudy
train_10663,cloudy
train_10666,cloudy
train_10667,cloudy
train_10687,cloudy
train_10710,cloudy
train_10788,cloudy
train_10793,cloudy
train_10816,cloudy
train_10856,cloudy
train_10889,cloudy
train_10891,cloudy
train_10895,cloudy
train_10905,cloudy
train_10908,cloudy
train_10940,cloudy
train_10952,cloudy
train_11008,cloudy
train_11047,cloudy
train_11050,cloudy
train_11105,cloudy
train_11113,cloudy
train_11118,cloudy
train_11132,cloudy
train_11150,cloudy
train_11161,cloudy
train_11171,cloudy
train_11191,cloudy
train_11207,cloudy
train_11211,cloudy
train_11218,cloudy
train_11229,cloudy
train_11240,cloudy
train_11259,cloudy
train_11260,cloudy
train_11283,cloudy
train_11294,cloudy
train_11301,cloudy
train_11305,cloudy
train_11307,cloudy
train_11312,cloudy
train_11317,cloudy
train_11325,cloudy
train_11326,cloudy
train_11352,cloudy
train_11354,cloudy
train_11415,cloudy
train_11416,cloudy
train_11486,cloudy
train_11492,cloudy
train_11512,cloudy
train_11549,cloudy
train_11561,cloudy
train_11569,cloudy
train_11597,cloudy
train_11644,cloudy
train_11663,cloudy
train_11673,cloudy
train_11686,cloudy
train_11706,cloudy
train_11733,cloudy
train_11740,cloudy
train_11757,cloudy
train_11805,cloudy
train_11809,cloudy
train_11820,cloudy
train_11844,cloudy
train_11871,cloudy
train_11896,cloudy
train_11904,cloudy
train_11937,cloudy
train_11979,cloudy
train_11981,cloudy
train_12009,cloudy
train_12016,cloudy
train_12038,cloudy
train_12058,cloudy
train_12068,cloudy
train_12072,cloudy
train_12075,cloudy
train_12089,cloudy
train_12097,cloudy
train_12112,cloudy
train_12119,cloudy
train_12141,cloudy
train_12191,cloudy
train_12204,cloudy
train_12211,cloudy
train_12235,cloudy
train_12239,cloudy
train_12263,cloudy
train_12286,cloudy
train_12313,cloudy
train_12316,cloudy
train_12343,cloudy
train_12353,cloudy
train_12360,cloudy
train_12365,cloudy
train_12375,cloudy
train_12386,cloudy
train_12421,cloudy
train_12500,cloudy
train_12502,cloudy
train_12517,cloudy
train_12525,cloudy
train_12536,cloudy
train_12545,cloudy
train_12592,cloudy
train_12604,cloudy
train_12611,cloudy
train_12632,cloudy
train_12682,cloudy
train_12701,cloudy
train_12708,cloudy
train_12713,cloudy
train_12724,cloudy
train_12737,cloudy
train_12770,cloudy
train_12880,cloudy
train_12924,cloudy
train_12928,cloudy
train_12967,cloudy
train_12975,cloudy
train_12983,cloudy
train_13006,cloudy
train_13009,cloudy
train_13011,cloudy
train_13016,cloudy
train_13047,cloudy
train_13052,cloudy
train_13069,cloudy
train_13078,cloudy
train_13110,cloudy
train_13114,cloudy
train_13124,cloudy
train_13129,cloudy
train_13130,cloudy
train_13167,cloudy
train_13206,cloudy
train_13219,cloudy
train_13248,cloudy
train_13262,cloudy
train_13282,cloudy
train_13292,cloudy
train_13300,cloudy
train_13312,cloudy
train_13322,cloudy
train_13370,cloudy
train_13404,cloudy
train_13407,cloudy
train_13413,cloudy
train_13424,cloudy
train_13442,cloudy
train_13464,cloudy
train_13472,cloudy
train_13475,cloudy
train_13497,cloudy
train_13502,cloudy
train_13560,cloudy
train_13569,cloudy
train_13602,cloudy
train_13613,cloudy
train_13628,cloudy
train_13647,cloudy
train_13731,cloudy
train_13749,cloudy
train_13785,cloudy
train_13792,cloudy
train_13830,cloudy
train_13887,cloudy
train_13974,cloudy
train_14009,cloudy
train_14024,cloudy
train_14034,cloudy
train_14060,cloudy
train_14090,cloudy
train_14091,cloudy
train_14100,cloudy
train_14107,cloudy
train_14175,cloudy
train_14179,cloudy
train_14180,cloudy
train_14181,cloudy
train_14198,cloudy
train_14210,cloudy
train_14238,cloudy
train_14240,cloudy
train_14265,cloudy
train_14272,cloudy
train_14293,cloudy
train_14320,cloudy
train_14339,cloudy
train_14352,cloudy
train_14381,cloudy
train_14394,cloudy
train_14403,cloudy
train_14404,cloudy
train_14462,cloudy
train_14509,cloudy
train_14542,cloudy
train_14558,cloudy
train_14591,cloudy
train_14592,cloudy
train_14634,cloudy
train_14654,cloudy
train_14659,cloudy
train_14667,cloudy
train_14744,cloudy
train_14773,cloudy
train_14787,cloudy
train_14830,cloudy
train_14835,cloudy
train_14862,cloudy
train_14869,cloudy
train_14895,cloudy
train_14926,cloudy
train_14932,cloudy
train_14942,cloudy
train_14947,cloudy
train_14972,cloudy
train_14975,cloudy
train_14977,cloudy
train_14978,cloudy
train_14991,cloudy
train_15012,cloudy
train_15052,cloudy
train_15077,cloudy
train_15103,cloudy
train_15137,cloudy
train_15165,cloudy
train_15171,cloudy
train_15201,cloudy
train_15233,cloudy
train_15247,cloudy
train_15254,cloudy
train_15268,cloudy
train_15278,cloudy
train_15313,cloudy
train_15350,cloudy
train_15351,cloudy
train_15364,cloudy
train_15393,cloudy
train_15396,cloudy
train_15407,cloudy
train_15408,cloudy
train_15469,cloudy
train_15477,cloudy
train_15489,cloudy
train_15562,cloudy
train_15563,cloudy
train_15590,cloudy
train_15622,cloudy
train_15647,cloudy
train_15677,cloudy
train_15709,cloudy
train_15737,cloudy
train_15742,cloudy
train_15747,cloudy
train_15751,cloudy
train_15770,cloudy
train_15773,cloudy
train_15781,cloudy
train_15823,cloudy
train_15830,cloudy
train_15862,cloudy
train_15868,cloudy
train_15885,cloudy
train_15911,cloudy
train_15915,cloudy
train_15951,cloudy
train_15974,cloudy
train_15993,cloudy
train_15994,cloudy
train_15999,cloudy
train_16023,cloudy
train_16026,cloudy
train_16031,cloudy
train_16035,cloudy
train_16042,cloudy
train_16043,cloudy
train_16059,cloudy
train_16083,cloudy
train_16094,cloudy
train_16112,cloudy
train_16157,cloudy
train_16188,cloudy
train_16195,cloudy
train_16199,cloudy
train_16213,cloudy
train_16240,cloudy
train_16251,cloudy
train_16253,cloudy
train_16321,cloudy
train_16325,cloudy
train_16387,cloudy
train_16397,cloudy
train_16418,cloudy
train_16486,cloudy
train_16531,cloudy
train_16551,cloudy
train_16567,cloudy
train_16575,cloudy
train_16604,cloudy
train_16606,cloudy
train_16628,cloudy
train_16644,cloudy
train_16659,cloudy
train_16661,cloudy
train_16693,cloudy
train_16735,cloudy
train_16766,cloudy
train_16787,cloudy
train_16844,cloudy
train_16865,cloudy
train_16872,cloudy
train_16887,cloudy
train_16890,cloudy
train_16892,cloudy
train_16901,cloudy
train_16902,cloudy
train_16915,cloudy
train_16927,cloudy
train_16935,cloudy
train_16947,cloudy
train_16964,cloudy
train_16989,cloudy
train_16997,cloudy
train_17009,cloudy
train_17016,cloudy
train_17033,cloudy
train_17067,cloudy
train_17083,cloudy
train_17086,cloudy
train_17107,cloudy
train_17131,cloudy
train_17136,cloudy
train_17141,cloudy
train_17182,cloudy
train_17200,cloudy
train_17222,cloudy
train_17237,cloudy
train_17253,cloudy
train_17269,cloudy
train_17279,cloudy
train_17301,cloudy
train_17324,cloudy
train_17357,cloudy
train_17406,cloudy
train_17422,cloudy
train_17504,cloudy
train_17505,cloudy
train_17513,cloudy
train_17549,cloudy
train_17552,cloudy
train_17556,cloudy
train_17565,cloudy
train_17569,cloudy
train_17584,cloudy
train_17597,cloudy
train_17610,cloudy
train_17615,cloudy
train_17622,cloudy
train_17643,cloudy
train_17662,cloudy
train_17699,cloudy
train_17702,cloudy
train_17722,cloudy
train_17762,cloudy
train_17769,cloudy
train_17794,cloudy
train_17797,cloudy
train_17814,cloudy
train_17897,cloudy
train_17900,cloudy
train_17901,cloudy
train_17935,cloudy
train_18073,cloudy
train_18084,cloudy
train_18102,cloudy
train_18115,cloudy
train_18134,cloudy
train_18150,cloudy
train_18154,cloudy
train_18170,cloudy
train_18175,cloudy
train_18183,cloudy
train_18215,cloudy
train_18223,cloudy
train_18253,cloudy
train_18258,cloudy
train_18281,cloudy
train_18294,cloudy
train_18329,cloudy
train_18344,cloudy
train_18355,cloudy
train_18365,cloudy
train_18386,cloudy
train_18402,cloudy
train_18417,cloudy
train_18444,cloudy
train_18462,cloudy
train_18475,cloudy
train_18513,cloudy
train_18551,cloudy
train_18567,cloudy
train_18572,cloudy
train_18626,cloudy
train_18646,cloudy
train_18658,cloudy
train_18661,cloudy
train_18672,cloudy
train_18768,cloudy
train_18821,cloudy
train_18860,cloudy
train_18862,cloudy
train_18887,cloudy
train_18913,cloudy
train_18918,cloudy
train_18939,cloudy
train_18942,cloudy
train_18954,cloudy
train_18976,cloudy
train_19000,cloudy
train_19027,cloudy
train_19069,cloudy
train_19085,cloudy
train_19110,cloudy
train_19117,cloudy
train_19130,cloudy
train_19285,cloudy
train_19288,cloudy
train_19299,cloudy
train_19347,cloudy
train_19363,cloudy
train_19386,cloudy
train_19392,cloudy
train_19396,cloudy
train_19411,cloudy
train_19420,cloudy
train_19426,cloudy
train_19442,cloudy
train_19451,cloudy
train_19470,cloudy
train_19500,cloudy
train_19502,cloudy
train_19504,cloudy
train_19513,cloudy
train_19621,cloudy
train_19642,cloudy
train_19693,cloudy
train_19694,cloudy
train_19756,cloudy
train_19785,cloudy
train_19792,cloudy
train_19794,cloudy
train_19813,cloudy
train_19849,cloudy
train_19858,cloudy
train_19859,cloudy
train_19863,cloudy
train_19906,cloudy
train_19910,cloudy
train_19911,cloudy
train_19923,cloudy
train_19951,cloudy
train_20008,cloudy
train_20051,cloudy
train_20054,cloudy
train_20069,cloudy
train_20070,cloudy
train_20077,cloudy
train_20108,cloudy
train_20141,cloudy
train_20162,cloudy
train_20177,cloudy
train_20179,cloudy
train_20182,cloudy
train_20202,cloudy
train_20216,cloudy
train_20239,cloudy
train_20247,cloudy
train_20250,cloudy
train_20310,cloudy
train_20320,cloudy
train_20331,cloudy
train_20352,cloudy
train_20356,cloudy
train_20371,cloudy
train_20391,cloudy
train_20397,cloudy
train_20415,cloudy
train_20431,cloudy
train_20472,cloudy
train_20483,cloudy
train_20489,cloudy
train_20496,cloudy
train_20522,cloudy
train_20523,cloudy
train_20551,cloudy
train_20554,cloudy
train_20578,cloudy
train_20581,cloudy
train_20601,cloudy
train_20608,cloudy
train_20609,cloudy
train_20612,cloudy
train_20655,cloudy
train_20669,cloudy
train_20675,cloudy
train_20688,cloudy
train_20690,cloudy
train_20703,cloudy
train_20748,cloudy
train_20753,cloudy
train_20756,cloudy
train_20768,cloudy
train_20821,cloudy
train_20826,cloudy
train_20841,cloudy
train_20864,cloudy
train_20891,cloudy
train_20894,cloudy
train_20895,cloudy
train_20913,cloudy
train_20914,cloudy
train_20948,cloudy
train_20957,cloudy
train_21004,cloudy
train_21016,cloudy
train_21071,cloudy
train_21098,cloudy
train_21140,cloudy
train_21151,cloudy
train_21186,cloudy
train_21192,cloudy
train_21200,cloudy
train_21210,cloudy
train_21278,cloudy
train_21335,cloudy
train_21336,cloudy
train_21364,cloudy
train_21385,cloudy
train_21388,cloudy
train_21398,cloudy
train_21467,cloudy
train_21471,cloudy
train_21478,cloudy
train_21486,cloudy
train_21502,cloudy
train_21521,cloudy
train_21555,cloudy
train_21569,cloudy
train_21591,cloudy
train_21657,cloudy
train_21673,cloudy
train_21706,cloudy
train_21749,cloudy
train_21750,cloudy
train_21788,cloudy
train_21804,cloudy
train_21806,cloudy
train_21812,cloudy
train_21867,cloudy
train_21868,cloudy
train_21871,cloudy
train_21872,cloudy
train_21884,cloudy
train_21888,cloudy
train_21908,cloudy
train_21922,cloudy
train_21936,cloudy
train_21972,cloudy
train_21990,cloudy
train_22027,cloudy
train_22041,cloudy
train_22047,cloudy
train_22068,cloudy
train_22077,cloudy
train_22088,cloudy
train_22110,cloudy
train_22118,cloudy
train_22123,cloudy
train_22149,cloudy
train_22160,cloudy
train_22175,cloudy
train_22193,cloudy
train_22237,cloudy
train_22250,cloudy
train_22263,cloudy
train_22282,cloudy
train_22314,cloudy
train_22369,cloudy
train_22371,cloudy
train_22386,cloudy
train_22405,cloudy
train_22410,cloudy
train_22418,cloudy
train_22449,cloudy
train_22455,cloudy
train_22461,cloudy
train_22486,cloudy
train_22569,cloudy
train_22582,cloudy
train_22590,cloudy
train_22602,cloudy
train_22612,cloudy
train_22646,cloudy
train_22675,cloudy
train_22728,cloudy
train_22741,cloudy
train_22758,cloudy
train_22773,cloudy
train_22808,cloudy
train_22809,cloudy
train_22812,cloudy
train_22849,cloudy
train_22860,cloudy
train_22865,cloudy
train_22866,cloudy
train_22888,cloudy
train_22908,cloudy
train_22919,cloudy
train_22967,cloudy
train_22972,cloudy
train_23012,cloudy
train_23018,cloudy
train_23029,cloudy
train_23076,cloudy
train_23081,cloudy
train_23084,cloudy
train_23144,cloudy
train_23147,cloudy
train_23159,cloudy
train_23176,cloudy
train_23200,cloudy
train_23222,cloudy
train_23252,cloudy
train_23254,cloudy
train_23265,cloudy
train_23267,cloudy
train_23310,cloudy
train_23312,cloudy
train_23365,cloudy
train_23395,cloudy
train_23403,cloudy
train_23417,cloudy
train_23418,cloudy
train_23434,cloudy
train_23435,cloudy
train_23436,cloudy
train_23443,cloudy
train_23448,cloudy
train_23476,cloudy
train_23478,cloudy
train_23490,cloudy
train_23511,cloudy
train_23519,cloudy
train_23566,cloudy
train_23588,cloudy
train_23598,cloudy
train_23600,cloudy
train_23608,cloudy
train_23634,cloudy
train_23635,cloudy
train_23636,cloudy
train_23646,cloudy
train_23664,cloudy
train_23706,cloudy
train_23799,cloudy
train_23805,cloudy
train_23806,cloudy
train_23808,cloudy
train_23826,cloudy
train_23843,cloudy
train_23859,cloudy
train_23865,cloudy
train_23877,cloudy
train_23884,cloudy
train_23887,cloudy
train_23917,cloudy
train_23919,cloudy
train_23953,cloudy
train_23978,cloudy
train_23979,cloudy
train_23980,cloudy
train_23981,cloudy
train_24001,cloudy
train_24013,cloudy
train_24031,cloudy
train_24070,cloudy
train_24080,cloudy
train_24094,cloudy
train_24108,cloudy
train_24114,cloudy
train_24139,cloudy
train_24164,cloudy
train_24192,cloudy
train_24212,cloudy
train_24237,cloudy
train_24249,cloudy
train_24270,cloudy
train_24280,cloudy
train_24285,cloudy
train_24299,cloudy
train_24301,cloudy
train_24303,cloudy
train_24328,cloudy
train_24350,cloudy
train_24356,cloudy
train_24390,cloudy
train_24396,cloudy
train_24443,cloudy
train_24453,cloudy
train_24472,cloudy
train_24490,cloudy
train_24521,cloudy
train_24560,cloudy
train_24569,cloudy
train_24636,cloudy
train_24640,cloudy
train_24649,cloudy
train_24667,cloudy
train_24693,cloudy
train_24724,cloudy
train_24735,cloudy
train_24777,cloudy
train_24829,cloudy
train_24859,cloudy
train_24891,cloudy
train_24897,cloudy
train_24917,cloudy
train_24936,cloudy
train_24945,cloudy
train_24950,cloudy
train_24958,cloudy
train_24989,cloudy
train_24991,cloudy
train_25025,cloudy
train_25029,cloudy
train_25033,cloudy
train_25036,cloudy
train_25041,cloudy
train_25106,cloudy
train_25109,cloudy
train_25113,cloudy
train_25127,cloudy
train_25138,cloudy
train_25176,cloudy
train_25207,cloudy
train_25219,cloudy
train_25223,cloudy
train_25232,cloudy
train_25269,cloudy
train_25326,cloudy
train_25327,cloudy
train_25337,cloudy
train_25341,cloudy
train_25343,cloudy
train_25366,cloudy
train_25389,cloudy
train_25399,cloudy
train_25421,cloudy
train_25495,cloudy
train_25557,cloudy
train_25595,cloudy
train_25602,cloudy
train_25626,cloudy
train_25647,cloudy
train_25659,cloudy
train_25732,cloudy
train_25747,cloudy
train_25749,cloudy
train_25782,cloudy
train_25815,cloudy
train_25818,cloudy
train_25827,cloudy
train_25843,cloudy
train_25851,cloudy
train_25859,cloudy
train_25897,cloudy
train_25926,cloudy
train_25952,cloudy
train_25953,cloudy
train_25971,cloudy
train_26015,cloudy
train_26038,cloudy
train_26084,cloudy
train_26086,cloudy
train_26102,cloudy
train_26108,cloudy
train_26159,cloudy
train_26169,cloudy
train_26185,cloudy
train_26216,cloudy
train_26222,cloudy
train_26226,cloudy
train_26236,cloudy
train_26271,cloudy
train_26320,cloudy
train_26330,cloudy
train_26341,cloudy
train_26369,cloudy
train_26389,cloudy
train_26411,cloudy
train_26416,cloudy
train_26436,cloudy
train_26443,cloudy
train_26456,cloudy
train_26460,cloudy
train_26485,cloudy
train_26512,cloudy
train_26520,cloudy
train_26528,cloudy
train_26532,cloudy
train_26540,cloudy
train_26541,cloudy
train_26556,cloudy
train_26558,cloudy
train_26562,cloudy
train_26564,cloudy
train_26572,cloudy
train_26600,cloudy
train_26609,cloudy
train_26643,cloudy
train_26658,cloudy
train_26673,cloudy
train_26693,cloudy
train_26704,cloudy
train_26709,cloudy
train_26722,cloudy
train_26758,cloudy
train_26814,cloudy
train_26882,cloudy
train_26892,cloudy
train_26903,cloudy
train_26916,cloudy
train_26957,cloudy
train_26974,cloudy
train_26989,cloudy
train_26999,cloudy
train_27005,cloudy
train_27010,cloudy
train_27086,cloudy
train_27120,cloudy
train_27136,cloudy
train_27138,cloudy
train_27139,cloudy
train_27202,cloudy
train_27204,cloudy
train_27223,cloudy
train_27229,cloudy
train_27239,cloudy
train_27254,cloudy
train_27302,cloudy
train_27303,cloudy
train_27305,cloudy
train_27355,cloudy
train_27379,cloudy
train_27397,cloudy
train_27399,cloudy
train_27411,cloudy
train_27446,cloudy
train_27460,cloudy
train_27474,cloudy
train_27527,cloudy
train_27545,cloudy
train_27555,cloudy
train_27556,cloudy
train_27602,cloudy
train_27603,cloudy
train_27660,cloudy
train_27734,cloudy
train_27769,cloudy
train_27780,cloudy
train_27788,cloudy
train_27810,cloudy
train_27871,cloudy
train_27884,cloudy
train_27921,cloudy
train_27945,cloudy
train_28057,cloudy
train_28061,cloudy
train_28072,cloudy
train_28089,cloudy
train_28101,cloudy
train_28182,cloudy
train_28197,cloudy
train_28215,cloudy
train_28242,cloudy
train_28244,cloudy
train_28272,cloudy
train_28284,cloudy
train_28292,cloudy
train_28309,cloudy
train_28318,cloudy
train_28329,cloudy
train_28351,cloudy
train_28406,cloudy
train_28432,cloudy
train_28444,cloudy
train_28454,cloudy
train_28463,cloudy
train_28485,cloudy
train_28488,cloudy
train_28511,cloudy
train_28518,cloudy
train_28522,cloudy
train_28534,cloudy
train_28537,cloudy
train_28555,cloudy
train_28575,cloudy
train_28636,cloudy
train_28657,cloudy
train_28680,cloudy
train_28684,cloudy
train_28686,cloudy
train_28690,cloudy
train_28743,cloudy
train_28762,cloudy
train_28765,cloudy
train_28808,cloudy
train_28823,cloudy
train_28831,cloudy
train_28832,cloudy
train_28851,cloudy
train_28860,cloudy
train_28888,cloudy
train_28903,cloudy
train_28919,cloudy
train_28923,cloudy
train_28936,cloudy
train_28944,cloudy
train_28949,cloudy
train_28965,cloudy
train_28974,cloudy
train_28991,cloudy
train_29001,cloudy
train_29002,cloudy
train_29014,cloudy
train_29016,cloudy
train_29033,cloudy
train_29050,cloudy
train_29061,cloudy
train_29080,cloudy
train_29081,cloudy
train_29109,cloudy
train_29124,cloudy
train_29151,cloudy
train_29162,cloudy
train_29171,cloudy
train_29182,cloudy
train_29187,cloudy
train_29201,cloudy
train_29242,cloudy
train_29245,cloudy
train_29278,cloudy
train_29292,cloudy
train_29333,cloudy
train_29353,cloudy
train_29355,cloudy
train_29368,cloudy
train_29391,cloudy
train_29412,cloudy
train_29424,cloudy
train_29430,cloudy
train_29504,cloudy
train_29523,cloudy
train_29528,cloudy
train_29540,cloudy
train_29550,cloudy
train_29609,cloudy
train_29653,cloudy
train_29667,cloudy
train_29680,cloudy
train_29681,cloudy
train_29684,cloudy
train_29722,cloudy
train_29732,cloudy
train_29733,cloudy
train_29781,cloudy
train_29808,cloudy
train_29813,cloudy
train_29824,cloudy
train_29833,cloudy
train_29842,cloudy
train_29846,cloudy
train_29850,cloudy
train_29861,cloudy
train_29881,cloudy
train_29915,cloudy
train_29917,cloudy
train_29932,cloudy
train_29956,cloudy
train_29960,cloudy
train_29980,cloudy
train_29996,cloudy
train_30001,cloudy
train_30056,cloudy
train_30065,cloudy
train_30083,cloudy
train_30155,cloudy
train_30187,cloudy
train_30211,cloudy
train_30223,cloudy
train_30234,cloudy
train_30244,cloudy
train_30255,cloudy
train_30260,cloudy
train_30262,cloudy
train_30274,cloudy
train_30308,cloudy
train_30311,cloudy
train_30338,cloudy
train_30364,cloudy
train_30368,cloudy
train_30386,cloudy
train_30389,cloudy
train_30403,cloudy
train_30408,cloudy
train_30416,cloudy
train_30437,cloudy
train_30487,cloudy
train_30514,cloudy
train_30534,cloudy
train_30558,cloudy
train_30586,cloudy
train_30614,cloudy
train_30623,cloudy
train_30649,cloudy
train_30686,cloudy
train_30692,cloudy
train_30696,cloudy
train_30702,cloudy
train_30724,cloudy
train_30730,cloudy
train_30746,cloudy
train_30748,cloudy
train_30762,cloudy
train_30764,cloudy
train_30792,cloudy
train_30798,cloudy
train_30803,cloudy
train_30809,cloudy
train_30811,cloudy
train_30828,cloudy
train_30838,cloudy
train_30851,cloudy
train_30862,cloudy
train_30870,cloudy
train_30871,cloudy
train_30882,cloudy
train_30902,cloudy
train_30946,cloudy
train_30949,cloudy
train_30989,cloudy
train_31001,cloudy
train_31030,cloudy
train_31051,cloudy
train_31075,cloudy
train_31082,cloudy
train_31110,cloudy
train_31129,cloudy
train_31134,cloudy
train_31184,cloudy
train_31197,cloudy
train_31228,cloudy
train_31239,cloudy
train_31242,cloudy
train_31251,cloudy
train_31296,cloudy
train_31339,cloudy
train_31358,cloudy
train_31365,cloudy
train_31368,cloudy
train_31369,cloudy
train_31380,cloudy
train_31384,cloudy
train_31387,cloudy
train_31435,cloudy
train_31446,cloudy
train_31527,cloudy
train_31530,cloudy
train_31588,cloudy
train_31600,cloudy
train_31617,cloudy
train_31651,cloudy
train_31698,cloudy
train_31703,cloudy
train_31713,cloudy
train_31756,cloudy
train_31783,cloudy
train_31822,cloudy
train_31865,cloudy
train_31869,cloudy
train_31870,cloudy
train_31887,cloudy
train_31892,cloudy
train_31909,cloudy
train_31910,cloudy
train_31939,cloudy
train_31951,cloudy
train_31954,cloudy
train_31966,cloudy
train_31975,cloudy
train_31979,cloudy
train_32009,cloudy
train_32011,cloudy
train_32033,cloudy
train_32092,cloudy
train_32116,cloudy
train_32139,cloudy
train_32169,cloudy
train_32189,cloudy
train_32214,cloudy
train_32215,cloudy
train_32228,cloudy
train_32257,cloudy
train_32278,cloudy
train_32283,cloudy
train_32309,cloudy
train_32320,cloudy
train_32327,cloudy
train_32330,cloudy
train_32375,cloudy
train_32385,cloudy
train_32408,cloudy
train_32431,cloudy
train_32433,cloudy
train_32467,cloudy
train_32497,cloudy
train_32513,cloudy
train_32526,cloudy
train_32535,cloudy
train_32551,cloudy
train_32584,cloudy
train_32613,cloudy
train_32617,cloudy
train_32670,cloudy
train_32696,cloudy
train_32698,cloudy
train_32704,cloudy
train_32717,cloudy
train_32726,cloudy
train_32795,cloudy
train_32799,cloudy
train_32802,cloudy
train_32815,cloudy
train_32819,cloudy
train_32827,cloudy
train_32828,cloudy
train_32830,cloudy
train_32846,cloudy
train_32869,cloudy
train_32882,cloudy
train_32886,cloudy
train_32913,cloudy
train_32936,cloudy
train_32943,cloudy
train_32961,cloudy
train_32965,cloudy
train_32973,cloudy
train_32993,cloudy
train_33015,cloudy
train_33039,cloudy
train_33083,cloudy
train_33140,cloudy
train_33191,cloudy
train_33223,cloudy
train_33260,cloudy
train_33269,cloudy
train_33279,cloudy
train_33291,cloudy
train_33296,cloudy
train_33298,cloudy
train_33299,cloudy
train_33313,cloudy
train_33341,cloudy
train_33425,cloudy
train_33445,cloudy
train_33463,cloudy
train_33466,cloudy
train_33476,cloudy
train_33481,cloudy
train_33510,cloudy
train_33520,cloudy
train_33523,cloudy
train_33524,cloudy
train_33541,cloudy
train_33560,cloudy
train_33590,cloudy
train_33597,cloudy
train_33604,cloudy
train_33639,cloudy
train_33661,cloudy
train_33727,cloudy
train_33749,cloudy
train_33758,cloudy
train_33773,cloudy
train_33792,cloudy
train_33822,cloudy
train_33880,cloudy
train_33928,cloudy
train_33933,cloudy
train_33962,cloudy
train_33973,cloudy
train_34058,cloudy
train_34079,cloudy
train_34082,cloudy
train_34125,cloudy
train_34144,cloudy
train_34163,cloudy
train_34172,cloudy
train_34175,cloudy
train_34176,cloudy
train_34205,cloudy
train_34208,cloudy
train_34210,cloudy
train_34212,cloudy
train_34216,cloudy
train_34234,cloudy
train_34249,cloudy
train_34303,cloudy
train_34328,cloudy
train_34355,cloudy
train_34359,cloudy
train_34367,cloudy
train_34381,cloudy
train_34391,cloudy
train_34408,cloudy
train_34413,cloudy
train_34481,cloudy
train_34498,cloudy
train_34507,cloudy
train_34531,cloudy
train_34534,cloudy
train_34572,cloudy
train_34585,cloudy
train_34636,cloudy
train_34669,cloudy
train_34671,cloudy
train_34681,cloudy
train_34728,cloudy
train_34754,cloudy
train_34770,cloudy
train_34772,cloudy
train_34789,cloudy
train_34803,cloudy
train_34831,cloudy
train_34841,cloudy
train_34888,cloudy
train_34895,cloudy
train_34936,cloudy
train_34951,cloudy
train_34965,cloudy
train_35027,cloudy
train_35075,cloudy
train_35105,cloudy
train_35122,cloudy
train_35153,cloudy
train_35167,cloudy
train_35179,cloudy
train_35193,cloudy
train_35205,cloudy
train_35240,cloudy
train_35275,cloudy
train_35294,cloudy
train_35338,cloudy
train_35367,cloudy
train_35390,cloudy
train_35399,cloudy
train_35426,cloudy
train_35457,cloudy
train_35475,cloudy
train_35495,cloudy
train_35499,cloudy
train_35506,cloudy
train_35508,cloudy
train_35516,cloudy
train_35525,cloudy
train_35543,cloudy
train_35551,cloudy
train_35567,cloudy
train_35622,cloudy
train_35653,cloudy
train_35665,cloudy
train_35753,cloudy
train_35773,cloudy
train_35811,cloudy
train_35817,cloudy
train_35844,cloudy
train_35846,cloudy
train_35883,cloudy
train_35909,cloudy
train_35950,cloudy
train_35987,cloudy
train_36004,cloudy
train_36006,cloudy
train_36016,cloudy
train_36029,cloudy
train_36058,cloudy
train_36089,cloudy
train_36096,cloudy
train_36099,cloudy
train_36137,cloudy
train_36199,cloudy
train_36220,cloudy
train_36286,cloudy
train_36295,cloudy
train_36321,cloudy
train_36340,cloudy
train_36363,cloudy
train_36381,cloudy
train_36382,cloudy
train_36388,cloudy
train_36445,cloudy
train_36463,cloudy
train_36509,cloudy
train_36520,cloudy
train_36529,cloudy
train_36537,cloudy
train_36545,cloudy
train_36559,cloudy
train_36564,cloudy
train_36582,cloudy
train_36600,cloudy
train_36603,cloudy
train_36644,cloudy
train_36669,cloudy
train_36678,cloudy
train_36687,cloudy
train_36716,cloudy
train_36720,cloudy
train_36735,cloudy
train_36750,cloudy
train_36754,cloudy
train_36802,cloudy
train_36835,cloudy
train_36862,cloudy
train_36935,cloudy
train_36938,cloudy
train_36945,cloudy
train_36964,cloudy
train_36994,cloudy
train_37063,cloudy
train_37064,cloudy
train_37070,cloudy
train_37171,cloudy
train_37175,cloudy
train_37180,cloudy
train_37190,cloudy
train_37206,cloudy
train_37260,cloudy
train_37294,cloudy
train_37305,cloudy
train_37350,cloudy
train_37381,cloudy
train_37423,cloudy
train_37439,cloudy
train_37445,cloudy
train_37465,cloudy
train_37471,cloudy
train_37494,cloudy
train_37495,cloudy
train_37555,cloudy
train_37563,cloudy
train_37592,cloudy
train_37621,cloudy
train_37623,cloudy
train_37640,cloudy
train_37652,cloudy
train_37670,cloudy
train_37683,cloudy
train_37746,cloudy
train_37797,cloudy
train_37841,cloudy
train_37879,cloudy
train_37888,cloudy
train_37889,cloudy
train_37896,cloudy
train_37900,cloudy
train_37903,cloudy
train_37929,cloudy
train_37938,cloudy
train_37942,cloudy
train_37953,cloudy
train_37980,cloudy
train_38005,cloudy
train_38023,cloudy
train_38032,cloudy
train_38073,cloudy
train_38089,cloudy
train_38099,cloudy
train_38108,cloudy
train_38123,cloudy
train_38127,cloudy
train_38132,cloudy
train_38149,cloudy
train_38153,cloudy
train_38161,cloudy
train_38166,cloudy
train_38217,cloudy
train_38263,cloudy
train_38278,cloudy
train_38287,cloudy
train_38300,cloudy
train_38329,cloudy
train_38400,cloudy
train_38405,cloudy
train_38420,cloudy
train_38446,cloudy
train_38450,cloudy
train_38467,cloudy
train_38541,cloudy
train_38549,cloudy
train_38567,cloudy
train_38606,cloudy
train_38610,cloudy
train_38650,cloudy
train_38657,cloudy
train_38698,cloudy
train_38709,cloudy
train_38735,cloudy
train_38757,cloudy
train_38788,cloudy
train_38804,cloudy
train_38807,cloudy
train_38808,cloudy
train_38818,cloudy
train_38823,cloudy
train_38824,cloudy
train_38825,cloudy
train_38833,cloudy
train_38835,cloudy
train_38890,cloudy
train_38893,cloudy
train_38925,cloudy
train_38942,cloudy
train_38947,cloudy
train_38957,cloudy
train_38964,cloudy
train_38968,cloudy
train_38979,cloudy
train_38983,cloudy
train_38988,cloudy
train_39028,cloudy
train_39035,cloudy
train_39054,cloudy
train_39056,cloudy
train_39061,cloudy
train_39153,cloudy
train_39163,cloudy
train_39167,cloudy
train_39178,cloudy
train_39179,cloudy
train_39222,cloudy
train_39226,cloudy
train_39256,cloudy
train_39268,cloudy
train_39288,cloudy
train_39289,cloudy
train_39307,cloudy
train_39328,cloudy
train_39334,cloudy
train_39361,cloudy
train_39363,cloudy
train_39378,cloudy
train_39379,cloudy
train_39385,cloudy
train_39409,cloudy
train_39492,cloudy
train_39500,cloudy
train_39520,cloudy
train_39527,cloudy
train_39573,cloudy
train_39592,cloudy
train_39653,cloudy
train_39674,cloudy
train_39690,cloudy
train_39709,cloudy
train_39781,cloudy
train_39813,cloudy
train_39821,cloudy
train_39830,cloudy
train_39863,cloudy
train_39881,cloudy
train_39892,cloudy
train_39920,cloudy
train_39926,cloudy
train_39946,cloudy
train_40008,cloudy
train_40025,cloudy
train_40033,cloudy
train_40041,cloudy
train_40051,cloudy
train_40102,cloudy
train_40168,cloudy
train_40191,cloudy
train_40203,cloudy
train_40236,cloudy
train_40249,cloudy
train_40255,cloudy
train_40301,cloudy
train_40305,cloudy
train_40310,cloudy
train_40311,cloudy
train_40320,cloudy
train_40327,cloudy
train_40390,cloudy
train_40416,cloudy
train_40436,cloudy
train_40447,cloudy
train_40461,cloudy
train_40475,cloudy
